NAME,LAT,LON,NORTHING_KM,WESTING_KM
London,51.5073,-0.12766,180,529
Whetstone,51.6302,-0.174914,193,526
Friern Barnet,51.6129,-0.158565,192,527
Penkridge,52.7246,-2.11427,314,392
St Ives,52.3358,-0.0753866,272,531
Hendon,51.5897,-0.221582,189,523
Haslemere,51.0876,-0.709777,132,490
Petersfield,51.0038,-0.937472,123,474
Mere,51.0894,-2.26844,132,381
Ludgershall,51.257,-1.62337,150,426
Marlborough,51.421,-1.72895,169,418
Lyndhurst,50.8728,-1.57484,108,429
Wilton,51.0804,-1.8628,131,409
Edgware,51.6108,-0.279337,191,519
Southampton,50.9035,-1.4042,111,441
Stanley,53.7132,-1.4745,424,434
Pontefract,53.6916,-1.30775,421,445
Leeds,53.7974,-1.54379,433,430
Sheffield,53.382,-1.46572,387,435
Outwood,53.7097,-1.50425,423,432
Sutton Coldfield,52.5633,-1.81871,296,412
Swaffham,52.6481,0.690926,309,582
Romsey,50.9895,-1.49973,121,435
Battle,50.9178,0.483654,116,574
Hailsham,50.8646,0.257843,109,558
Brading,50.6812,-1.14223,87,460
Bath,51.3814,-2.3597,164,374
Newport,50.7042,-1.30645,89,448
Rye,50.9512,0.732767,120,591
Henley-on-Thames,51.5376,-0.905029,182,475
Wokingham,51.412,-0.832404,168,481
St David&#39;s,51.8813,-5.26591,225,175
Bedford,52.1364,-0.467504,249,504
Shanklin,50.6337,-1.1682,81,458
Woodstock,51.8475,-1.35453,216,444
Grange-over-Sands,54.1929,-2.90926,477,340
Chester,53.1909,-2.8909,366,340
Freshwater,50.6815,-1.52318,87,433
Caldicot,51.5918,-2.7506,188,348
Hedge End,50.9154,-1.30714,113,448
Loughborough,52.7693,-1.22335,319,452
Leicester,52.6368,-1.13123,304,458
Biggar,55.6245,-3.52158,637,304
Wick,58.4385,-3.08842,950,336
Long Hanborough,51.8243,-1.39449,214,441
Atherstone,52.5772,-1.5434,297,430
Lincoln,53.2343,-0.537021,371,497
Bicester,51.8989,-1.15183,222,458
Glasgow,55.8611,-4.24999,665,259
Norwich,52.6287,1.29227,308,622
East Cowes,50.7619,-1.28397,96,450
Cowes,50.7629,-1.31361,96,448
Ryde,50.7335,-1.15448,93,459
Sandown,50.653,-1.15336,84,459
Ventnor,50.5937,-1.19772,77,456
Malvern,52.1115,-2.32686,246,377
Charlbury,51.8726,-1.48101,219,435
Corbridge,54.9734,-2.01108,564,399
Westerham,51.2671,0.0706133,154,544
Oxford,51.7522,-1.25821,206,451
Settle,54.0695,-2.27613,463,381
Buckingham,51.9983,-0.978673,233,470
Aylesbury,51.8161,-0.813038,213,481
Woking,51.32,-0.558717,158,500
Byfleet,51.3398,-0.473252,161,506
Esher,51.3702,-0.365516,164,513
Hersham,51.3655,-0.401008,164,511
Leominster,52.2274,-2.73753,259,349
Ludlow,52.3682,-2.71965,274,351
Stow-on-the-Wold,51.9303,-1.72302,225,419
Banbury,52.0589,-1.33652,240,445
Radstock,51.292,-2.44762,154,368
Midsomer Norton,51.2865,-2.48129,154,366
Catford,51.4453,-0.0197534,173,537
Maltby,53.4264,-1.20704,392,452
East Ham,51.5331,0.0543985,183,542
Margate,51.3881,1.38421,170,635
Newbury,51.402,-1.32364,167,447
Eynsham,51.7841,-1.37553,209,443
Witney,51.7855,-1.48659,209,435
Burford,51.8083,-1.63607,212,425
Birstall,52.6788,-1.1248,309,459
Chatteris,52.4549,0.0504338,286,539
Christchurch,50.7344,-1.76512,92,416
Tarporley,53.1594,-2.66838,362,355
Leatherhead,51.2955,-0.329369,156,516
Dorking,51.2321,-0.324782,149,516
Lechlade,51.6945,-1.69221,199,421
Reading,51.458,-0.967373,173,471
Sutton,51.3611,-0.193124,164,525
Chesham,51.7063,-0.612311,201,495
Stamford,52.6519,-0.479884,307,502
Wells,51.2085,-2.6518,145,354
Stevenage,51.9035,-0.201337,224,523
Swindon,51.5616,-1.78549,184,414
Wantage,51.5878,-1.42493,187,439
Deddington,51.9814,-1.32121,231,446
Ascot,51.4102,-0.673694,168,492
Cirencester,51.7183,-1.96671,202,402
Baldock,51.9891,-0.188183,233,524
Teddington,51.4278,-0.333652,171,515
Towcester,52.1366,-0.985924,249,469
Hythe,50.8694,-1.40326,107,441
Bedfont,51.4531,-0.435391,173,508
Alton,51.1456,-0.972413,139,471
Ewloe,53.1874,-3.05051,366,329
Warrington,53.3899,-2.59432,388,360
Littlehampton,50.8122,-0.536691,102,503
Frodsham,53.2964,-2.71148,377,352
Portsmouth,50.8065,-1.0744,101,465
Horsham,51.063,-0.329503,130,517
Crawley,51.1103,-0.180109,136,527
Haywards Heath,51.0009,-0.102453,124,533
Burgess Hill,50.9573,-0.133306,119,531
Uckfield,50.9695,0.0995478,121,547
Lewes,50.8741,0.0121129,110,541
Newhaven,50.7887,0.0483557,100,544
East Grinstead,51.1322,-0.0117712,138,539
Eastbourne,50.7686,0.29703,99,561
Crowborough,51.059,0.163586,131,551
Royal Tunbridge Wells,51.1371,0.267345,140,558
Bourton on the Water,51.885,-1.76013,220,416
Gloucester,51.8629,-2.24665,218,383
Cheltenham,51.8996,-2.07116,222,395
Bournemouth,50.7202,-1.8747,91,408
Poole,50.7182,-1.98187,91,401
Coventry,52.4082,-1.51048,279,433
Birmingham,52.4814,-1.89807,287,406
Edinburgh,55.9483,-3.19327,673,325
Ringwood,50.8469,-1.79142,105,414
Fordingbridge,50.9256,-1.79185,114,414
Verwood,50.8827,-1.87197,109,409
Deal,51.2151,1.40316,151,637
Ramsgate,51.3345,1.42272,165,638
Chatham,51.3805,0.529276,167,575
Gillingham,51.3878,0.545515,168,577
Canterbury,51.28,1.08025,157,614
Fort William,56.817,-5.11203,773,210
Ipswich,52.058,1.15281,244,616
Lowestoft,52.4759,1.75293,293,654
Great Yarmouth,52.6072,1.73108,307,652
Peterborough,52.5739,-0.24167,298,519
Plymouth,50.3713,-4.14257,54,247
Hoddesdon,51.7617,-0.0113259,208,537
Exeter,50.7256,-3.52666,92,292
Bridgwater,51.1283,-3.0037,137,329
Torquay,50.4648,-3.51987,63,292
Dorchester,50.7183,-2.4353,91,369
Putney,51.4626,-0.216746,175,523
Buxton,53.2594,-1.91008,373,405
Chapel-en-le-Frith,53.3233,-1.91597,380,405
St Austell,50.3385,-4.78821,52,201
Highworth,51.6314,-1.71364,192,419
Yate,51.5403,-2.41331,182,371
Chipping Sodbury,51.5377,-2.39258,182,372
Helston,50.1017,-5.27303,27,165
St Ives,50.2143,-5.48,40,151
Petworth,50.9863,-0.610109,121,497
Newquay,50.4124,-5.07701,61,181
Barnstaple,51.0804,-4.06005,133,255
Thornbury,51.6078,-2.52568,190,363
Enfield,51.6517,-0.0832141,196,532
Midhurst,50.9819,-0.742806,121,488
Aberfoyle,56.1785,-4.38104,700,252
Wimborne Minster,50.7995,-1.98734,100,400
Ferndown,50.8053,-1.89092,100,407
West Moors,50.8309,-1.88812,103,407
Milton Keynes,52.043,-0.758961,239,485
Thame,51.7483,-0.978181,206,470
Alcester,52.2154,-1.86706,257,409
Hornsea,53.9135,-0.168941,447,520
Bridlington,54.0871,-0.196451,467,517
Scarborough,54.2848,-0.409034,488,503
Easingwold,54.1215,-1.19447,469,452
Holmes Chapel,53.202,-2.35704,367,376
Newcastle upon Tyne,54.9771,-1.61421,564,424
York,53.9591,-1.08154,451,460
Alnwick,55.4135,-1.70728,613,418
Bishop&#39;s Stortford,51.8676,0.163196,221,548
Morpeth,55.1718,-1.6863,586,419
Whitby,54.4874,-0.615364,511,489
Wotton-under-Edge,51.6372,-2.35334,193,375
Otley,53.9056,-1.69388,445,420
Ilkley,53.9257,-1.82485,447,411
Filton,51.5117,-2.57199,179,360
Carlisle,54.9004,-2.93114,556,340
Barrow-in-Furness,54.1118,-3.22757,469,319
Hartlepool,54.6957,-1.20032,533,451
Seaham,54.8372,-1.33556,549,442
Sunderland,54.9064,-1.37505,557,440
South Shields,54.9994,-1.43091,567,436
Blyth,55.1241,-1.50181,581,431
Hammersmith,51.492,-0.223646,178,523
Barnes,51.4719,-0.24582,176,521
Berwick-upon-Tweed,55.7702,-2.00375,652,399
Haltwhistle,54.9705,-2.45822,564,370
Whitehaven,54.5476,-3.58959,518,297
Workington,54.6416,-3.54593,528,300
Cambridge,52.2033,0.124862,258,545
Worcester,52.1918,-2.22161,254,384
Appleby,54.5772,-2.48936,520,368
Ware,51.8103,-0.0328751,214,535
Harlow,51.7691,0.0932203,209,544
Brandon,52.4482,0.62408,286,578
Dumfries,55.07,-3.60956,576,297
Rothwell,53.7494,-1.47815,428,434
Erdington,52.5233,-1.83951,291,410
Northfield,52.4117,-1.96343,279,402
Walsall,52.5903,-1.98308,299,401
Solihull,52.413,-1.77689,279,415
Gretna,54.9964,-3.06328,567,331
Lockerbie,55.1274,-3.35427,582,313
Marlow,51.5721,-0.777031,186,484
Royal Leamington Spa,52.2922,-1.5357,266,431
Nuneaton,52.5246,-1.46845,292,436
Watford,51.6554,-0.395743,196,510
Kings Langley,51.7136,-0.450303,202,507
Hemel Hempstead,51.7512,-0.472528,206,505
Leighton Buzzard,51.9175,-0.656744,225,492
Bletchley,51.9981,-0.730938,234,487
Wolverton,52.0609,-0.811855,240,481
Northampton,52.2385,-0.902493,260,474
Long Buckby,52.3023,-1.07926,267,462
Chelmsford,51.7345,0.472382,206,570
Wakefield,53.6826,-1.50005,420,433
Malpas,53.02,-2.76709,347,348
Oadby,52.5983,-1.08103,300,462
Stranraer,54.9024,-5.02706,560,205
Ayr,55.4598,-4.63229,621,233
Berkeley,51.6914,-2.45761,199,368
Aberdeen,57.1452,-2.09137,806,394
Swansea,51.6211,-3.94678,193,265
Stirling,56.1181,-3.936,693,279
Richmond,51.4587,-0.30321,174,517
Twickenham,51.4469,-0.334341,173,515
Beaumaris,53.263,-4.09216,376,260
Llangefni,53.2561,-4.31146,375,245
Princes Risborough,51.7222,-0.83376,203,480
High Wycombe,51.6274,-0.748415,192,486
Gerrards Cross,51.5967,-0.557296,189,499
Denham,51.5766,-0.49968,187,503
Wendover,51.7677,-0.744322,208,486
Great Missenden,51.7042,-0.705659,201,489
Rickmansworth,51.639,-0.471841,194,505
Tamworth,52.6346,-1.69484,304,420
Lichfield,52.6844,-1.82753,309,411
Rugeley,52.7589,-1.9362,317,404
Hednesford,52.7114,-2.00254,312,399
Stone,52.9033,-2.14777,334,390
Stafford,52.8072,-2.11726,323,392
Durham,54.7764,-1.57587,542,427
Alsager,53.0969,-2.3031,355,379
Winchcombe,51.953,-1.96549,228,402
Tipton,52.5275,-2.07571,292,394
Perth,56.3956,-3.43453,723,311
Dundee,56.4594,-2.97352,730,340
Croydon,51.3713,-0.101957,165,532
Winchelsea,50.9244,0.708636,117,590
Trowbridge,51.3192,-2.20398,157,385
Topsham,50.6851,-3.46581,88,296
Exmouth,50.6191,-3.41476,80,299
Evesham,52.0941,-1.94825,244,403
Malvern Link,52.1293,-2.31547,247,378
Hereford,52.0554,-2.71517,239,350
Kidderminster,52.3882,-2.24546,276,383
Hagley,52.4229,-2.13033,280,391
Stourbridge,52.4578,-2.14743,284,389
Aldeburgh,52.1524,1.60155,256,646
Havant,50.8527,-0.979901,106,471
Beauly,57.4838,-4.46004,846,252
Thirsk,54.233,-1.34277,482,442
Abingdon-on-Thames,51.6715,-1.27797,197,449
Tooting,51.4285,-0.16665,171,527
Wandsworth,51.457,-0.193261,174,525
Sheerness,51.4392,0.758572,174,591
Whitstable,51.3584,1.02653,166,610
Watton,52.5699,0.825349,300,591
Wimbledon,51.42,-0.205227,170,524
Maldon,51.7312,0.679185,207,584
Stonehouse,51.7475,-2.28302,205,380
Stroud,51.7454,-2.21986,205,384
Woodbridge,52.0965,1.31594,249,627
Thetford,52.4156,0.748712,283,586
Malmesbury,51.5831,-2.09517,187,393
Tetbury,51.6393,-2.15948,193,388
Sherburn in Elmet,53.7966,-1.24993,433,449
Aberaeron,52.2432,-4.26002,262,245
Cardigan,52.084,-4.66042,246,217
Dursley,51.6813,-2.35395,198,375
Bury St. Edmunds,52.246,0.712517,264,585
Pembroke,51.6754,-4.91449,201,198
Tenby,51.6726,-4.70504,200,212
Carmarthen,51.8591,-4.31159,220,240
Llanelli,51.6797,-4.16202,200,250
Bangor,53.2277,-4.12688,372,258
Loughton,51.6456,0.0551751,196,542
Chingford,51.6309,0.0039962,194,538
Chippenham,51.4565,-2.11333,173,392
Dover,51.13,1.30832,142,631
Liverpool,53.4055,-2.98054,390,334
Blaydon,54.964,-1.71027,563,418
Staines-upon-Thames,51.434,-0.511044,171,503
Chorley,53.6532,-2.62947,417,358
Preston,53.759,-2.70516,429,353
Selby,53.7839,-1.0688,432,461
Market Weighton,53.8644,-0.66797,441,487
Stowmarket,52.1878,0.997343,258,604
Nailsworth,51.6952,-2.21856,199,384
Southall,51.5103,-0.375287,180,512
Amesbury,51.1727,-1.77511,141,415
Yeovil,50.9463,-2.63231,116,355
Dyce,57.2054,-2.18953,812,388
Colchester,51.8931,0.904629,225,599
Braintree,51.879,0.550158,223,575
Carnoustie,56.5022,-2.71127,734,356
St Andrews,56.3403,-2.79541,716,350
Springfield,56.2953,-3.06457,711,334
Ladybank,56.2758,-3.12435,709,330
Hungerford,51.4155,-1.51892,168,433
Bridge Of Earn,56.3483,-3.404,718,313
Attleborough,52.518,1.01059,295,604
Fakenham,52.837,0.848882,330,591
Dereham,52.6764,0.937787,312,598
Brixton,51.4568,-0.116796,174,530
Inverurie,57.2844,-2.37432,821,377
Insch,57.3434,-2.61198,828,363
Forres,57.6099,-3.61321,858,303
Nairn,57.5848,-3.8738,856,287
Letchworth,51.9767,-0.230567,232,521
Leiston,52.2065,1.57643,262,644
Liskeard,50.4546,-4.46442,64,225
Hitchin,51.9464,-0.279165,228,518
Fowey,50.3358,-4.6366,51,212
Ossett,53.6781,-1.5766,420,427
Shaftesbury,51.0056,-2.1956,122,386
Blandford Forum,50.8576,-2.16321,106,388
Aberystwyth,52.4147,-4.07787,281,258
Bridgnorth,52.5342,-2.41972,293,371
Grimsby,53.5677,-0.0736289,409,527
Market Rasen,53.3874,-0.336659,389,510
Gainsborough,53.3969,-0.773958,389,481
Retford,53.3187,-0.946398,380,470
Sale,53.4245,-2.31839,392,378
Ellesmere Port,53.2789,-2.90225,376,339
Skipton,53.9618,-2.01603,451,398
Clitheroe,53.8717,-2.39268,441,374
Blackburn,53.7497,-2.47975,428,368
Acle,52.6393,1.54697,310,639
Downham Market,52.6025,0.377326,303,560
Jedburgh,55.4777,-2.55292,620,365
Newton Abbot,50.5296,-3.61121,71,285
Dawlish,50.5797,-3.46893,76,296
Bovey Tracey,50.5918,-3.67688,78,281
Derby,52.9213,-1.47615,336,435
Heathfield,50.9706,0.252342,121,558
Bridport,50.734,-2.75932,93,346
Watlington,51.6455,-1.00588,194,468
Pangbourne,51.4838,-1.08614,176,463
Wareham,50.6869,-2.10984,87,392
Hawes,54.3039,-2.19855,489,387
Leyburn,54.3098,-1.82965,490,411
Kettering,52.3994,-0.728004,278,486
Cranbrook,51.0965,0.532109,136,577
Whitchurch,52.9704,-2.68521,341,353
Nottingham,52.9534,-1.14874,339,457
Horwich,53.5965,-2.541,411,364
Bourne,52.7682,-0.377207,320,509
Clayton-le-Moors,53.7734,-2.38929,430,374
Soham,52.3333,0.338748,273,559
Bradley Stoke,51.5375,-2.54601,182,362
Huntingdon,52.3314,-0.184772,271,523
Thurso,58.5954,-3.52248,968,311
St Anne,49.7148,-2.20362,-20,385
St Albans,51.7493,-0.342253,206,514
Uttoxeter,52.898,-1.86492,333,409
Mold,53.1689,-3.14315,364,323
Farnham,51.2143,-0.798015,146,483
Leek,53.108,-2.02107,356,398
Wolverhampton,52.5848,-2.12757,298,391
Billericay,51.629,0.419856,195,567
Market Harborough,52.4777,-0.920857,287,473
Wilmslow,53.3261,-2.23275,381,384
Balloch,56.0034,-4.57924,681,239
Sidcup,51.4261,0.100465,171,546
Paisley,55.8482,-4.42493,664,248
Largs,55.7949,-4.8695,659,220
Royston,52.0473,-0.0246467,240,535
Buntingford,51.9467,-0.0172746,229,536
Beverley,53.8425,-0.431568,439,503
Rochester,51.3891,0.504935,168,574
Lamington,55.561,-3.61953,630,297
Andover,51.2078,-1.47935,145,436
Devizes,51.3508,-1.99266,161,400
Oakham,52.671,-0.728677,308,485
Harrogate,53.9929,-1.53848,455,430
Bromley,51.4028,0.0148142,169,540
Teignmouth,50.5463,-3.49588,72,294
Dolgellau,52.7447,-3.87778,318,273
Littleborough,53.6411,-2.0914,416,393
Todmorden,53.7137,-2.09775,424,393
Shrewsbury,52.7081,-2.75437,312,349
Keynsham,51.4141,-2.49929,168,365
Oban,56.4157,-5.47347,730,185
Inveraray,56.2304,-5.07607,708,209
Melksham,51.3726,-2.13743,163,390
Wetherby,53.9284,-1.38667,448,440
Lochgilphead,56.0375,-5.43315,688,186
Nailsea,51.4327,-2.76293,170,346
Hertford,51.7947,-0.0861033,212,531
Mildenhall,52.3486,0.522917,275,571
Basildon,51.5755,0.475736,189,571
Kirkcaldy,56.1135,-3.16468,691,327
Cowdenbeath,56.1106,-3.34716,691,316
Dunfermline,56.0695,-3.46046,687,309
South Queensferry,55.9898,-3.39729,678,312
Glossop,53.4439,-1.94799,394,403
New Mills,53.3654,-2.00128,385,399
Whaley Bridge,53.3301,-1.98345,381,401
Barking,51.539,0.0804245,184,544
Farnborough,51.2941,-0.756496,155,486
Seaton,50.706,-3.06863,90,324
Keighley,53.8684,-1.90205,441,406
Pateley Bridge,54.0871,-1.75964,465,415
Muir of Ord,57.5173,-4.4562,850,252
Alness,57.6968,-4.25412,869,265
Invergordon,57.6864,-4.16928,868,270
Tain,57.8116,-4.05507,882,277
Bonar Bridge,57.8931,-4.34568,891,260
Golspie,57.9733,-3.97588,899,283
Brora,58.0103,-3.85065,903,290
Kyle of Lochalsh,57.2814,-5.71507,827,176
Wickford,51.6125,0.523474,193,574
Aviemore,57.1908,-3.8297,812,289
Carrbridge,57.2826,-3.81447,822,290
Dufftown,57.4456,-3.12913,840,332
Keith,57.5393,-2.95075,850,343
Kingussie,57.0801,-4.04926,800,275
Elgin,57.6486,-3.31587,862,321
Alloa,56.116,-3.80095,692,288
Linlithgow,55.9771,-3.60406,677,299
Falkirk,55.9973,-3.78685,679,288
Stoke-on-Trent,53.0162,-2.18126,346,387
Fordwich,51.2954,1.12562,159,617
Wivenhoe,51.8675,0.962748,222,603
Cromarty,57.6805,-4.03394,867,278
Helensburgh,56.0084,-4.73202,682,229
Dumbarton,55.9441,-4.56967,675,239
Beeston,52.9257,-1.21619,336,452
Burnley,53.79,-2.24335,432,383
Maidstone,51.2748,0.523165,155,575
Fortrose,57.5814,-4.12941,856,272
Methley,53.7331,-1.41161,426,438
Stonehaven,56.9636,-2.21555,785,386
Montrose,56.7116,-2.46196,757,371
Morley,53.7441,-1.59886,427,426
Melton Mowbray,52.765,-0.887778,319,475
Wigston,52.5904,-1.10907,299,460
Narborough,52.5723,-1.20657,297,453
Hinckley,52.5409,-1.36909,293,442
Corby,52.4876,-0.701543,288,488
Glenrothes,56.1876,-3.16675,700,327
South Ockendon,51.5094,0.282794,181,558
Grays,51.4781,0.323313,178,561
Blackpool,53.8032,-3.04293,434,331
Southport,53.6476,-3.00418,417,333
Burton-on-Trent,52.8079,-1.64466,323,423
Lancaster,54.0484,-2.79903,461,347
Newport,51.5882,-2.9975,188,330
Widnes,53.3647,-2.72833,385,351
Runcorn,53.3357,-2.7318,382,351
Skegness,53.1437,0.342896,363,556
Kingston upon Hull,53.7657,-0.337032,431,509
Scunthorpe,53.5943,-0.654457,411,489
King’s Lynn,52.7542,0.397088,320,561
Middlesbrough,54.576,-1.2344,520,449
Darlington,54.5296,-1.5518,515,429
Bradford,53.7942,-1.74948,433,416
Telford,52.678,-2.45123,309,369
Ashby de la Zouch,52.7444,-1.47559,316,435
Coalville,52.727,-1.37606,314,442
Macclesfield,53.2607,-2.12552,373,391
Bootle,53.4529,-3.00004,395,333
Crosby,53.4844,-3.02918,399,331
Formby,53.5563,-3.06566,407,329
Wallasey,53.4241,-3.03941,392,330
Birkenhead,53.3944,-3.01916,389,332
West Kirby,53.3725,-3.19031,386,320
Saint Helens,53.453,-2.73644,395,351
Darwen,53.702,-2.47606,422,368
Accrington,53.7541,-2.36554,428,375
Haslingden,53.7056,-2.32594,423,378
Rawtenstall,53.7013,-2.28629,422,381
Nelson,53.8363,-2.21165,437,386
Colne,53.8568,-2.16912,440,388
Halifax,53.7209,-1.86745,424,408
Huddersfield,53.6466,-1.78313,416,414
Dewsbury,53.6909,-1.63022,421,424
Harpenden,51.8215,-0.35157,214,513
Ashford,51.1486,0.872257,142,600
Folkestone,51.0887,1.16636,136,621
Herne Bay,51.3688,1.12988,168,617
Luton,51.8804,-0.399141,221,510
Dunstable,51.8885,-0.516186,222,502
Eastriggs,54.9846,-3.17958,566,324
Annan,54.9882,-3.26041,566,319
Thornhill,55.2403,-3.76756,595,287
Sanquhar,55.3688,-3.92674,609,277
New Cumnock,55.3927,-4.17854,613,262
Kilmarnock,55.6101,-4.49854,637,242
Syston,52.6993,-1.07297,311,462
Salford,53.4878,-2.28932,399,380
Truro,50.2628,-5.05205,44,182
Ripon,54.1369,-1.52132,471,431
Hythe,51.0691,1.08416,134,616
Lydd,50.9516,0.907511,120,604
Paddock Wood,51.181,0.388996,145,566
Painswick,51.7857,-2.19472,209,386
Stapleford,52.9283,-1.27193,337,448
Ilkeston,52.9711,-1.30717,341,446
Hucknall,53.0377,-1.20465,349,453
Mansfield,53.1448,-1.19734,361,453
Sutton in Ashfield,53.1245,-1.26302,358,449
Worksop,53.3049,-1.12357,379,458
Grantham,52.9134,-0.642658,335,491
Louth,53.3675,-0.0022381,387,532
Mablethorpe,53.3408,0.260677,385,550
Newark on Trent,53.0788,-0.812386,354,479
Wellingborough,52.2984,-0.691134,267,489
Rushden,52.2912,-0.598818,266,495
Higham Ferrers,52.306,-0.592332,268,495
St Neots,52.2275,-0.270841,260,518
Lennoxtown,55.9734,-4.19898,677,262
Dalwhinnie,56.9342,-4.24205,784,263
Bacup,53.7025,-2.20105,422,386
West Bridgford,52.9284,-1.12525,337,458
Arnold,53.0048,-1.128,345,458
Keyworth,52.8727,-1.08809,330,461
Port Glasgow,55.9361,-4.69809,674,231
Greenock,55.9492,-4.763,676,227
Kenilworth,52.3451,-1.5816,272,428
Ramsbottom,53.6484,-2.3157,416,379
Market Bosworth,52.6239,-1.40093,303,440
Brackley,52.0298,-1.14846,237,458
Tenterden,51.0701,0.688827,133,588
Faversham,51.3144,0.891189,161,601
Tynemouth,55.0157,-1.42131,569,436
Whitley Bay,55.0415,-1.44172,572,435
Wallsend,54.9912,-1.5342,566,429
Jarrow,54.9819,-1.4812,565,433
Hebburn,54.9776,-1.51189,564,431
Gateshead,54.9541,-1.6056,562,425
Chester-le-Street,54.8545,-1.57507,551,427
Kendal,54.3272,-2.74843,492,351
Wigton,54.825,-3.15831,548,325
Windermere,54.3787,-2.90442,498,341
Ambleside,54.432,-2.96305,504,337
Malton,54.1349,-0.796592,471,478
Norton-on-Derwent,54.1322,-0.783838,471,479
Driffield,54.006,-0.438803,457,502
Abergavenny,51.8204,-3.01247,214,330
Pickering,54.2466,-0.776146,484,479
Spalding,52.7871,-0.151246,322,524
Crowland,52.6753,-0.168561,310,523
Market Deeping,52.6762,-0.320095,310,513
Kingsbridge,50.2849,-3.77897,44,273
Salcombe,50.2388,-3.77261,39,273
Dartmouth,50.3515,-3.58384,51,287
Paignton,50.4377,-3.56327,60,288
Totnes,50.4323,-3.68704,60,280
Pontypool,51.7027,-3.03275,200,328
Abertillery,51.7287,-3.13261,203,321
Rhymney,51.7613,-3.28852,207,311
Tredegar,51.7733,-3.24695,209,313
Ebbw Vale,51.7813,-3.20844,209,316
Brynmawr,51.7982,-3.17401,211,319
Caerphilly,51.5745,-3.22085,186,315
Pontypridd,51.5993,-3.34164,189,307
Barry,51.4044,-3.26902,168,311
Porthcawl,51.4795,-3.70406,177,281
Port Talbot,51.5931,-3.78135,189,276
Chepstow,51.6428,-2.67513,194,353
Monmouth,51.8099,-2.71604,212,350
Kincardine,56.0693,-3.71672,687,293
Chichester,50.8367,-0.778782,104,485
Ruddington,52.8921,-1.15024,333,457
Lydney,51.7259,-2.53135,203,363
Portishead,51.4807,-2.77686,176,346
West Malling,51.2954,0.409419,157,567
Flitwick,52.0035,-0.495217,235,503
Aldridge,52.6039,-1.91723,300,405
Haverhill,52.0833,0.435393,245,566
Saffron Walden,52.0216,0.241126,238,553
Sudbury,52.0387,0.729672,241,587
Radcliffe,53.5593,-2.32615,407,378
Prestwich,53.5347,-2.27759,404,381
Ashton under Lyne,53.4855,-2.11208,398,392
Dukinfield,53.4758,-2.09303,397,393
Hyde,53.4517,-2.07874,395,394
Stalybridge,53.4824,-2.05867,398,396
Oldham,53.5416,-2.11478,405,392
Chadderton,53.5501,-2.14635,405,390
Middleton,53.5489,-2.19923,405,386
Shaw,53.5819,-2.10396,409,393
Royton,53.5653,-2.12361,407,391
Rochdale,53.6154,-2.15576,413,389
Heywood,53.5968,-2.22397,411,385
Bury,53.5964,-2.29041,411,380
Bolton,53.5777,-2.42889,409,371
Wigan,53.5457,-2.62646,405,358
Hindley,53.5335,-2.57782,404,361
Leigh,53.496,-2.51715,400,365
Atherton,53.525,-2.49058,403,367
Tyldesley,53.5145,-2.46617,402,369
Irlam,53.4488,-2.42238,394,371
Altrincham,53.384,-2.35255,387,376
Stretford,53.4454,-2.32231,394,378
Goole,53.7064,-0.879935,423,473
Mexborough,53.4939,-1.28365,399,447
Wath upon Dearne,53.5024,-1.34531,400,443
Barnsley,53.5528,-1.48278,406,434
Royston,53.598,-1.45756,411,435
Cudworth,53.5756,-1.4184,408,438
Hemsworth,53.6132,-1.36018,413,442
Thurnscoe,53.5452,-1.30802,405,445
Bolton upon Dearne,53.5191,-1.31426,402,445
Conisbrough,53.481,-1.23274,398,450
Clowne,53.2761,-1.26233,375,449
Bolsover,53.2287,-1.29128,370,447
Dronfield,53.3006,-1.46598,378,435
Kilwinning,55.6532,-4.69774,643,230
Irvine,55.6162,-4.6596,639,232
Saltcoats,55.6393,-4.79501,641,224
Tottenham,51.5897,-0.0715296,189,533
Stoke Newington,51.5624,-0.0754614,186,533
Islington,51.5345,-0.105163,183,531
Kentish Town,51.5501,-0.142562,185,528
Bethnal Green,51.5278,-0.054465,182,534
Shoreditch,51.5267,-0.0798926,182,533
City of London,51.5146,-0.0872901,181,532
Isle of Dogs,51.4975,-0.0178264,179,537
Walthamstow,51.5845,-0.0188186,189,537
Edmonton,51.6203,-0.0659791,193,533
Wood Green,51.6026,-0.11062,191,530
Greenwich,51.4842,0.0048337,178,539
Lewisham,51.4616,-0.0123912,175,538
Westminster,51.5019,-0.127399,179,529
Willesden,51.5466,-0.235866,184,522
Acton,51.511,-0.281195,180,519
Wembley,51.5551,-0.291918,185,518
Hillingdon,51.5326,-0.453256,182,507
Uxbridge,51.545,-0.481667,184,505
Brentford,51.4864,-0.321662,177,516
Sowerby Bridge,53.7093,-1.90921,423,405
Romford,51.576,0.182265,188,551
Tilbury,51.4631,0.36439,176,564
Sandwich,51.2753,1.34083,158,632
Sleaford,52.999,-0.411119,345,506
Bingham,52.9518,-0.952183,339,470
Radcliffe on Trent,52.9468,-1.03864,339,464
Daventry,52.2574,-1.16396,262,457
Warwick,52.2851,-1.57854,265,428
Porthmadog,52.9254,-4.13061,338,256
Cheshunt,51.7021,-0.0335908,202,535
Hatfield,51.7635,-0.225874,208,522
Potters Bar,51.7026,-0.195565,202,524
Wymondham,52.5765,1.11793,302,611
Bedworth,52.4768,-1.46339,286,436
Sandbach,53.1443,-2.36315,360,375
Ampthill,52.0282,-0.495512,237,503
Newport Pagnell,52.0864,-0.723734,243,487
Stony Stratford,52.0566,-0.850102,240,478
Dudley,52.5115,-2.08201,290,394
Halesowen,52.4492,-2.05146,283,396
Brierley Hill,52.4823,-2.12378,287,391
Rowley Regis,52.4833,-2.06741,287,395
Oldbury,52.5035,-2.0178,289,398
West Bromwich,52.5187,-1.99231,291,400
Smethwick,52.4968,-1.97392,288,401
Wednesbury,52.5522,-2.02244,294,398
Droitwich Spa,52.2685,-2.14861,263,389
Stourport on Severn,52.3403,-2.27738,271,381
Bromsgrove,52.3354,-2.05974,270,395
Redditch,52.3062,-1.94091,267,404
Brownhills,52.6472,-1.93214,305,404
Cannock,52.6882,-2.03242,310,397
Newport,52.7689,-2.37837,319,374
Flint,53.2493,-3.13734,373,324
Buckley,53.1702,-3.07999,364,327
Prestatyn,53.334,-3.40632,382,306
St Asaph,53.2588,-3.44339,374,303
Y Rhyl,53.3209,-3.49122,381,300
Rhuddlan,53.2913,-3.46354,378,302
Abergele,53.2841,-3.58107,377,294
Bae Colwyn / Colwyn Bay,53.2904,-3.70868,378,286
Chirk,52.932,-3.05639,337,329
Thatcham,51.4033,-1.25911,167,451
Kensington,51.499,-0.199123,179,524
Orpington,51.3806,0.106347,166,546
Bexley,51.4407,0.150912,173,549
Dartford,51.4493,0.213534,174,553
Gravesend,51.4423,0.369621,174,564
Sevenoaks,51.272,0.191439,154,552
Billingham,54.6071,-1.29122,523,445
Ealing,51.5118,-0.30624,180,517
Wallingford,51.5982,-1.12522,189,460
Harrow,51.5811,-0.337475,188,515
Emsworth,50.8449,-0.937185,105,474
Camberwell,51.4746,-0.0925416,176,532
Clapham,51.4623,-0.138856,175,529
Canvey,51.522,0.586967,183,579
Holyhead,53.3076,-4.63168,382,224
Cleethorpes,53.5572,-0.0289969,408,530
Rayleigh,51.5885,0.601242,190,580
Benfleet,51.5649,0.555819,188,577
South Woodham Ferrers,51.644,0.617666,197,581
Rochford,51.5839,0.705617,190,587
Shoeburyness,51.5284,0.795521,184,593
Burnham on Crouch,51.6302,0.816781,196,594
Brightlingsea,51.8102,1.02312,216,608
Rothesay,55.8373,-5.05224,664,208
Millport,55.754,-4.92398,655,216
Dalton-in-Furness,54.1576,-3.1794,474,322
Askam-in-Furness,54.186,-3.20645,477,321
Alston,54.8123,-2.44112,546,371
Barnard Castle,54.5444,-1.92387,516,404
Guisborough,54.536,-1.05108,516,461
Newmarket,52.2439,0.408823,263,564
Guiseley,53.8748,-1.70736,442,419
Yeadon,53.8637,-1.68508,440,420
Southgate,51.6294,-0.127633,193,529
Hornsey,51.5878,-0.118861,189,530
Finchley,51.5973,-0.180538,190,526
Woodford,51.6052,0.0395776,191,541
Buckhurst Hill,51.6269,0.0415283,194,541
Chigwell,51.6224,0.0810702,193,544
Wanstead,51.5757,0.0277989,188,540
Steòrnabhagh,58.2093,-6.38568,932,142
Neston,53.2905,-3.06379,377,329
New Romney,50.9851,0.942657,124,606
Ripponden,53.673,-1.94255,419,403
Tickhill,53.4348,-1.10948,393,459
Ashburton,50.5176,-3.75607,70,275
Buckfastleigh,50.4798,-3.78563,66,273
Broxbourne,51.7466,-0.0190782,207,536
Shipley,53.8322,-1.77798,437,414
Airdrie,55.8697,-3.96614,665,276
Bamber Bridge,53.7319,-2.66613,426,356
Bere Regis,50.7552,-2.21849,95,384
Bromborough,53.3334,-2.97746,382,334
Oswaldtwistle,53.7408,-2.39852,427,373
Rishton,53.7677,-2.41783,430,372
Broadstairs,51.3584,1.43737,167,639
Longridge,53.8299,-2.60335,437,360
Llantwit Major,51.4083,-3.48578,168,296
Bingley,53.848,-1.83845,439,410
Filey,54.2093,-0.288808,480,511
Kirkbymoorside,54.2706,-0.932356,486,469
Helmsley,54.2458,-1.05838,483,461
Earby,53.916,-2.14267,446,390
Barnoldswick,53.9171,-2.18732,446,387
Narberth,51.798,-4.74295,214,210
Broxburn,55.9339,-3.48479,672,307
Bathgate,55.8985,-3.64016,668,297
Dalbeattie,54.9327,-3.82591,561,283
Castle Douglas,54.9384,-3.92254,562,276
Gatehouse of Fleet,54.8836,-4.18373,556,259
Kirkcudbright,54.8395,-4.04299,551,268
Tadcaster,53.8848,-1.26201,443,448
Tadley,51.3531,-1.13834,161,459
Redhill,51.2405,-0.168282,150,527
Garstang,53.9016,-2.77348,445,349
Coleford,51.7941,-2.61727,210,357
Cinderford,51.8245,-2.49849,214,365
Bradford on Avon,51.3472,-2.25002,160,382
Stanford-Le-Hope,51.5162,0.423792,182,568
Hayle,50.1871,-5.41782,37,156
Waterlooville,50.8803,-1.03044,109,468
Ardrossan,55.6401,-4.81517,642,222
Prestwick,55.4987,-4.61083,625,235
Criccieth,52.9206,-4.23324,338,249
Harlech,52.8588,-4.10745,331,258
Swanage,50.6087,-1.9572,78,403
Stalham,52.7729,1.51472,325,637
Hickling,52.7628,1.56904,324,640
Barmouth,52.7209,-4.05362,315,261
Camborne,50.2139,-5.29903,40,164
Tywyn,52.5861,-4.08559,300,258
Borth,52.4881,-4.05081,289,260
Newcastle Emlyn,52.0388,-4.46878,240,230
Llandovery,51.9955,-3.79771,234,276
Lampeter,52.1115,-4.07921,247,257
Conwy,53.2812,-3.8287,377,278
Stanhope,54.7488,-2.00931,539,399
Maryport,54.713,-3.49981,536,303
Moretonhampstead,50.6612,-3.76675,86,275
Chudleigh,50.6037,-3.6008,79,286
Whickham,54.9436,-1.67987,561,420
Consett,54.852,-1.8333,550,410
Hay on Wye,52.0745,-3.12431,242,322
Llanwrtyd Wells,52.1045,-3.63867,246,287
Builth Wells,52.1493,-3.4058,251,303
Kington,52.2078,-3.0318,257,329
Llandrindod Wells,52.2405,-3.37938,261,305
Presteigne,52.2725,-3.00526,264,331
Knighton,52.3438,-3.05019,272,328
Birtley,54.8986,-1.57957,556,426
Silloth,54.8692,-3.38691,553,311
Boston,52.977,-0.0239836,344,532
Porthleven,50.0849,-5.31666,25,162
Aspatria,54.7627,-3.3271,541,314
Falmouth,50.1552,-5.06883,32,180
Penryn,50.1685,-5.10341,34,178
Mevagissey,50.2697,-4.78722,44,201
Padstow,50.5405,-4.93682,75,191
Denny,56.0211,-3.90918,682,281
Polton,55.8705,-3.12943,664,329
Bonnybridge,56.003,-3.88792,680,282
Selsey,50.7328,-0.79229,93,485
Bognor Regis,50.7835,-0.673072,99,493
Grangemouth,56.0161,-3.72323,681,292
Bo&#39;ness,56.0167,-3.6086,681,299
Inverkeithing,56.0323,-3.39555,683,313
Dalgety Bay,56.0377,-3.35543,683,315
Rosyth,56.0397,-3.41947,683,311
Bonnyrigg,55.8761,-3.08791,665,331
Loanhead,55.8792,-3.14772,665,328
Stanley,54.872,-1.69417,553,419
Rothwell,52.4211,-0.801681,281,481
Pathhead,56.122,-3.14091,692,329
Houghton-le-Spring,54.8407,-1.46993,549,434
Hetton-le-Hole,54.8213,-1.4528,547,435
Bridge of Allan,56.1554,-3.94853,697,278
Kinross,56.2034,-3.42149,702,311
Belper,53.0229,-1.48174,347,434
Heanor,53.0147,-1.35733,346,443
Ripley,53.0515,-1.40263,350,440
Langley Mill,53.0206,-1.33567,347,444
Eastwood,53.0172,-1.30386,346,446
Wirksworth,53.0822,-1.57321,353,428
Kirkby In Ashfield,53.1002,-1.25905,356,449
Clay Cross,53.1653,-1.41324,363,439
Odiham,51.2545,-0.939587,151,473
Hook,51.2816,-0.963113,154,472
Tring,51.7945,-0.657095,211,492
Cockermouth,54.6615,-3.35903,530,312
Tonbridge,51.189,0.273588,145,558
Keswick,54.6044,-3.13757,523,326
Edenbridge,51.1958,0.0639341,146,544
Northfleet,51.4433,0.33653,174,562
Strood,51.3959,0.49508,169,573
Ashton in Makerfield,53.4852,-2.64178,398,357
Swanley,51.3957,0.177702,168,551
Newton-le-Willows,53.4481,-2.62672,394,358
Earlestown,53.4548,-2.63932,395,357
Westgate-on-Sea,51.3806,1.33518,169,632
Eastleigh,50.9676,-1.35282,118,445
Bakewell,53.2148,-1.67586,368,421
Leyland,53.6916,-2.69274,421,354
Kirkham,53.7827,-2.87149,432,342
Eckington,53.309,-1.35579,379,442
Killamarsh,53.3236,-1.31843,380,445
Swinton,53.4865,-1.32579,399,444
Caernarfon,53.1403,-4.27638,362,247
Burnham On Sea,51.237,-2.99759,149,330
Weston-super-Mare,51.3472,-2.97789,161,331
Brixham,50.3952,-3.51454,56,292
Crediton,50.7896,-3.65896,100,283
Porlock,51.2093,-3.59328,146,288
Usk,51.7045,-2.90264,201,337
Dulverton,51.0403,-3.54865,127,291
Fleetwood,53.9246,-3.00764,448,333
Carnforth,54.1282,-2.77012,470,349
Thornton,53.8759,-3.0122,442,333
Poulton-le-Fylde,53.8461,-2.99048,439,334
Cleveleys,53.8782,-3.04288,442,331
St Anne&#39;s on the Sea,53.7577,-3.03034,429,332
Lytham,53.7368,-2.96319,427,336
Godalming,51.1858,-0.614907,143,496
Egremont,54.4838,-3.53279,510,300
Kirkby Stephen,54.4734,-2.34759,508,377
Haddington,55.9545,-2.79265,673,350
Bowness on Windermere,54.3661,-2.91917,497,340
Dunbar,56.0023,-2.51572,678,367
Ravenglass,54.3564,-3.40908,496,308
Boroughbridge,54.0963,-1.39429,466,439
North Walsham,52.8194,1.38742,330,628
Dinnington,53.3692,-1.20352,386,452
Crieff,56.3736,-3.84066,721,286
Burton Latimer,52.3639,-0.67771,274,490
Irthlingborough,52.3263,-0.616809,270,494
Hadfield,53.4644,-1.97017,396,401
Raunds,52.3422,-0.534475,272,499
Torpoint,50.3757,-4.19912,55,243
Saltash,50.4073,-4.2093,58,243
Dinbych,53.1854,-3.41783,366,305
Kimberley,52.9979,-1.25905,344,449
Wombwell,53.521,-1.40326,402,439
Hoyland,53.5022,-1.44425,400,436
Milnthorpe,54.2277,-2.77211,481,349
Glastonbury,51.148,-2.71658,139,349
Somerton,51.0537,-2.73155,128,348
Witham,51.7993,0.643332,214,582
Robertsbridge,50.9856,0.474452,123,573
Aberfeldy,56.619,-3.86841,748,285
Clun,52.4209,-3.02877,280,330
Llanidloes,52.4482,-3.54109,284,295
Bishop&#39;s Castle,52.4934,-2.99762,288,332
Montgomery,52.5614,-3.14693,296,322
Machynlleth,52.5906,-3.85176,300,274
Welshpool,52.6622,-3.14734,307,322
Cleobury Mortimer,52.379,-2.48135,275,367
Cupar,56.3193,-3.00972,714,337
Oswestry,52.8604,-3.0543,329,329
Bala,52.9112,-3.59947,336,292
Brierfield,53.8253,-2.23302,436,384
Blaenau Ffestiniog,52.9931,-3.93516,345,270
Corwen,52.9805,-3.37317,343,307
Llangollen,52.9694,-3.17111,342,321
Saltburn by the Sea,54.5847,-0.974092,521,466
Redcar,54.6179,-1.06879,525,460
Penistone,53.5247,-1.62943,403,424
Holmfirth,53.5704,-1.78705,408,414
South Elmsall,53.5975,-1.28101,411,447
Askern,53.6168,-1.15318,413,456
Stainforth,53.596,-1.02795,411,464
Snaith,53.6922,-1.02971,422,464
Portslade by Sea,50.8332,-0.207445,105,526
Southwick,50.8345,-0.238331,105,524
Shoreham-by-Sea,50.8322,-0.274672,105,521
Worthing,50.8117,-0.370395,102,514
South Hayling,50.7864,-0.974811,99,472
Knottingley,53.7092,-1.23831,423,450
North Featherstone,53.6935,-1.35843,422,442
Long Sutton,52.7863,0.12018,323,542
Holbeach,52.8042,0.0180043,324,536
Hunstanton,52.9421,0.490792,341,567
Burnham Market,52.9459,0.728152,342,583
Newcastle-under-Lyme,53.0088,-2.23325,345,384
Longton,52.9855,-2.1291,343,391
Fenton,52.9982,-2.15664,344,389
Stoke,53.0035,-2.181,345,387
Hanley,53.0255,-2.17484,347,388
Burslem,53.0446,-2.19282,349,387
Tunstall,53.0621,-2.21409,351,385
Kidsgrove,53.0878,-2.23855,354,384
Mirfield,53.6732,-1.69461,419,420
Batley,53.7166,-1.63639,424,423
Cleckheaton,53.7264,-1.71409,425,418
Heckmondwike,53.7097,-1.67643,423,421
Gomersal,53.733,-1.68677,426,420
Brighouse,53.7027,-1.78034,422,414
Elland,53.6858,-1.83771,421,410
Sheringham,52.9439,1.21262,343,615
Cromer,52.9311,1.30142,342,621
Bungay,52.4571,1.43583,289,633
Beccles,52.4584,1.56229,290,641
Harleston,52.4027,1.29922,283,624
Aylsham,52.7914,1.25224,326,619
Northallerton,54.3405,-1.43455,494,436
Milnrow,53.6082,-2.10995,412,392
Warminster,51.1972,-2.18563,144,387
Westbury,51.2547,-2.18378,150,387
Ormskirk,53.5674,-2.88596,408,341
Skelmersdale,53.5525,-2.78452,406,348
Cheddleton,53.0678,-2.0406,352,397
Wellington,52.7,-2.51766,311,365
Mossley,53.5131,-2.03583,401,397
Marple,53.393,-2.06931,388,395
Denton,53.4548,-2.11534,395,392
Nantwich,53.0667,-2.52182,352,365
Northwich,53.2603,-2.51451,373,365
Padiham,53.7981,-2.31074,433,379
Westhoughton,53.5502,-2.52261,406,365
Ingleby Barwick,54.5193,-1.31812,513,444
Yarm,54.5091,-1.35434,512,441
Penicuik,55.8345,-3.22464,660,323
Market Warsop,53.2047,-1.15221,367,456
Shirebrook,53.2022,-1.21482,367,452
Musselburgh,55.9417,-3.0507,672,334
Gullane,56.0369,-2.82375,682,348
Llanrwst,53.1415,-3.79393,362,280
Crewkerne,50.8842,-2.79525,109,344
Kearsley,53.5431,-2.36946,405,375
Walkden,53.5242,-2.39844,403,373
Astley,53.501,-2.44969,400,370
Wincanton,51.0538,-2.40903,128,371
Normanton,53.6991,-1.41944,422,438
Huyton,53.4073,-2.83837,390,344
Prescot,53.4276,-2.80425,392,346
Whiston,53.419,-2.78561,391,347
Kirkby,53.4852,-2.89891,399,340
Litherland,53.4721,-2.99569,397,333
Farnworth,53.5485,-2.39687,405,373
Pendlebury,53.5162,-2.33071,402,378
Morecambe,54.0682,-2.87479,463,342
Fairford,51.7079,-1.7773,201,415
Cricklade,51.6414,-1.85794,193,409
Crickhowell,51.8591,-3.13836,218,321
Whitworth,53.6644,-2.17341,418,388
Whitefield,53.5534,-2.2969,406,380
Failsworth,53.515,-2.15003,402,390
Frome,51.2317,-2.3215,148,377
Tobermory,56.6222,-6.07314,755,150
Hounslow,51.4686,-0.361347,175,513
Moreton,53.4009,-3.11323,389,325
Newton Stewart,54.959,-4.48367,565,240
Kingsbury,52.5645,-1.68297,296,421
Moffat,55.3329,-3.43868,605,308
Hebden Bridge,53.7407,-2.00938,427,399
Dalkeith,55.8943,-3.0714,667,333
Sedbergh,54.3227,-2.52874,492,365
Loftus,54.5537,-0.885281,518,472
Alford,53.2591,0.177735,375,545
Winsford,53.1921,-2.53131,366,364
Launceston,50.6371,-4.35869,84,233
Kinlochleven,56.7115,-4.96615,761,218
Fraserburgh,57.6928,-2.00929,866,399
Macduff,57.6656,-2.48311,864,371
Banff,57.6697,-2.52761,864,368
Portsoy,57.6821,-2.6927,865,358
Buckie,57.6707,-2.96973,864,342
Mintlaw,57.5233,-2.00499,848,399
New Ferry,53.3619,-2.99435,385,333
East Kilbride,55.7653,-4.18299,654,263
Fleet,51.2749,-0.83532,153,481
North Berwick,56.0573,-2.72093,685,355
Biggleswade,52.0882,-0.258901,244,519
Diss,52.3763,1.11105,279,611
Cambourne,52.22,-0.0700777,259,531
Llandeilo,51.8854,-3.99251,222,262
Ammanford,51.7926,-3.98877,212,262
Tighnabruaich,55.9016,-5.23982,672,197
Dunoon,55.9471,-4.92492,676,217
West Kilbride,55.6949,-4.85506,648,220
Menai Bridge,53.2259,-4.16311,372,255
Amlwch,53.409,-4.34265,392,244
Ramsey,52.4494,-0.102114,285,528
Peterlee,54.7619,-1.33215,540,442
Stockport,53.4077,-2.16011,390,389
Calne,51.4441,-2.00719,171,399
Royal Wootton Bassett,51.5439,-1.89921,182,406
Blairgowrie,56.5918,-3.33624,745,317
Winslow,51.9444,-0.881913,227,476
Innerleithen,55.6201,-3.06215,636,333
Melrose,55.5995,-2.72193,634,354
Lauder,55.7192,-2.74778,647,353
Neyland,51.71,-4.9511,205,196
Shefford,52.0384,-0.33552,239,514
Bexhill,50.8424,0.467572,107,573
Bideford,51.0181,-4.20642,126,245
Bude,50.8285,-4.54694,106,220
Flackwell Heath,51.6031,-0.719954,190,488
Carterton,51.7635,-1.59437,207,427
Kempston,52.1192,-0.493015,247,503
Llandudno,53.3225,-3.82433,382,278
Hastings,50.8554,0.58247,109,581
Lochmaben,55.13,-3.44057,582,308
Woburn Sands,52.0132,-0.653011,235,492
Ellon,57.3635,-2.06961,830,395
South Cave,53.7694,-0.602283,431,492
Ashbourne,53.0173,-1.73427,346,417
Appledore,51.054,-4.19252,130,246
Gillingham,51.0386,-2.27692,126,380
Tiverton,50.9025,-3.48792,112,295
Wellington,50.9784,-3.22756,120,313
Camberley,51.3383,-0.74645,160,487
Egham,51.4313,-0.547309,171,500
Portree,57.4139,-6.19373,843,148
Leven,56.1977,-3.00436,701,337
Wellesbourne,52.1948,-1.59112,255,427
Oxted,51.2567,-0.0042051,152,539
Hessle,53.7232,-0.434931,426,503
Shifnal,52.6646,-2.37415,307,374
Knaresborough,54.01,-1.46219,457,435
Southwell,53.0775,-0.954883,353,470
Market Drayton,52.9035,-2.48362,334,367
Biddulph,53.1165,-2.17309,357,388
Congleton,53.1644,-2.2027,363,386
Ruthin,53.1116,-3.30524,357,312
Knutsford,53.3079,-2.37205,379,375
Framlingham,52.222,1.34166,263,628
Harwich,51.9446,1.28985,232,626
Dovercourt,51.9339,1.27766,231,625
Southwold,52.3256,1.68093,276,650
Halesworth,52.3461,1.49917,277,638
Richmond,54.4031,-1.73745,500,417
Eaglescliffe,54.5313,-1.34835,515,442
Barton-upon-Humber,53.6858,-0.439522,422,503
Immingham,53.6203,-0.202723,415,518
Stocksbridge,53.4844,-1.58931,398,427
Horley,51.1717,-0.164083,143,528
Liversedge,53.7119,-1.69466,424,420
Peebles,55.652,-3.18883,640,325
Howden,53.7473,-0.862255,428,475
Pocklington,53.9316,-0.776104,449,480
Withernsea,53.7292,0.0332759,427,534
Hedon,53.7411,-0.201903,428,518
Ivybridge,50.3918,-3.91777,56,263
Bodmin,50.4707,-4.72432,67,206
Abbots Bromley,52.8191,-1.88089,324,408
Okehampton,50.7377,-4.00032,95,258
Linwood,55.8472,-4.5021,664,243
Selkirk,55.5471,-2.84154,628,346
Bruton,51.1124,-2.45377,134,368
Auchterarder,56.295,-3.70668,712,294
Cwmbran,51.6512,-3.03026,195,328
Whitland,51.8193,-4.61453,216,219
Welwyn Garden City,51.8031,-0.206887,213,523
Garforth,53.7905,-1.39252,432,440
Brecon,51.9473,-3.39165,228,304
Purley,51.3384,-0.115626,161,531
Warlingham,51.3096,-0.0557157,158,535
Neath,51.6628,-3.80391,197,275
Glyn-neath,51.7484,-3.61693,206,288
Merthyr Tydfil,51.7491,-3.37862,206,304
Clare,52.0802,0.58296,245,576
Coatbridge,55.8553,-4.02828,664,273
Bellshill,55.8197,-4.02267,660,273
Motherwell,55.7915,-3.98235,657,275
Wishaw,55.7732,-3.9224,654,279
Caterham,51.2818,-0.0774412,155,534
Whitnash,52.2661,-1.52574,263,432
Bewdley,52.3755,-2.31624,275,378
Tenbury Wells,52.3084,-2.5974,268,359
Bedale,54.2886,-1.59274,488,426
Uddingston,55.8171,-4.08229,660,269
Bothwell,55.8018,-4.06958,658,270
Hadleigh,52.0442,0.954229,242,602
Larkhall,55.7409,-3.96498,651,276
Stonehouse,55.6959,-3.98431,646,275
Hamilton,55.7844,-4.05305,656,271
Tealby,53.4012,-0.262284,390,515
Oundle,52.4809,-0.467488,288,504
Budleigh Salterton,50.6296,-3.32717,82,306
Wickham Market,52.1533,1.36731,255,630
Ottery St Mary,50.7513,-3.27838,95,309
Sidmouth,50.6798,-3.23924,87,312
Saint Peter Port,49.4568,-2.539,-49,360
Honiton,50.7981,-3.19246,100,315
Beckenham,51.4071,-0.0303183,169,536
Coulsdon,51.32,-0.139351,159,529
Porth,51.6125,-3.40841,191,302
Princetown,50.5446,-3.99053,73,258
Shirley,52.4112,-1.82773,279,411
Kingswinford,52.4968,-2.16617,288,388
Olney,52.1539,-0.701394,251,488
Ilminster,50.927,-2.90993,114,336
Needham Market,52.1528,1.05283,254,608
Chelmsley Wood,52.4792,-1.73561,286,417
South Molton,51.0171,-3.83306,125,271
Walderslade,51.3429,0.52678,163,575
Beaminster,50.8099,-2.73942,101,347
Ashford,51.4333,-0.461691,171,506
Girvan,55.2424,-4.85601,597,218
Callander,56.2437,-4.2148,707,262
Epworth,53.5243,-0.821511,403,478
Kings Heath,52.4342,-1.89156,281,407
Sully,51.4072,-3.21438,168,315
Dalmellington,55.3251,-4.39264,606,248
Pershore,52.1071,-2.08295,245,394
Lerwick,60.1538,-1.14328,1141,447
Galston,55.5979,-4.37204,636,250
Maybole,55.3536,-4.68433,609,229
Sidford,50.7038,-3.22665,90,313
Chard,50.8739,-2.96225,108,332
Livingston,55.8836,-3.51605,666,305
Strathaven,55.6774,-4.06538,644,270
Pembroke Dock,51.6935,-4.9392,203,196
Eye,52.3226,1.14637,274,614
Llanfairfechan,53.2532,-3.97506,374,268
Fishguard,51.9938,-4.97681,237,195
Newtown,52.514,-3.3141,291,310
Cotgrave,52.9108,-1.03695,335,464
Faringdon,51.6583,-1.58371,195,428
Braunton,51.1083,-4.16114,136,248
Halstead,51.9438,0.639157,230,581
Peckham,51.4744,-0.0676102,176,534
Whithorn,54.7337,-4.4135,540,244
New Galloway,55.0739,-4.14039,577,263
Codsall,52.6255,-2.19619,303,386
Waltham Abbey,51.6892,-0.0009449,200,538
Ilfracombe,51.2077,-4.12547,147,251
Catterick,54.376,-1.63577,497,423
Clydach,51.6964,-3.89163,201,269
Pontardawe,51.722,-3.84888,204,272
Newmains,55.7837,-3.87298,656,282
Carluke,55.7319,-3.83211,650,284
Seahouses,55.5792,-1.65342,631,421
Billingshurst,51.0215,-0.45191,125,508
Penrith,54.6635,-2.75286,530,351
Burry Port,51.6858,-4.25022,201,244
Kidwelly,51.7364,-4.30623,206,240
Huntly,57.4404,-2.79335,839,352
Alford,57.2316,-2.6994,815,357
Morriston,51.67,-3.92976,198,266
Longtown,55.0092,-2.97136,568,337
Winterton,53.6547,-0.592405,418,493
Kirton in Lindsey,53.4751,-0.589774,398,493
Brigg,53.5535,-0.486853,407,500
Caistor,53.4959,-0.313301,401,511
Horncastle,53.2074,-0.121295,369,525
Wragby,53.287,-0.303552,378,513
Hoxton,51.5324,-0.086078,183,532
Crowle,53.6092,-0.834938,413,477
Woodhall Spa,53.1519,-0.218045,363,519
Coningsby,53.1056,-0.174676,358,522
Gosport,50.793,-1.12649,99,461
Ellesmere,52.9074,-2.89387,334,339
Eyemouth,55.8704,-2.09316,664,394
Moodiesburn,55.9138,-4.08676,670,269
Ashington,55.1823,-1.57085,587,427
Amble,55.3343,-1.58891,604,426
Harborne,52.4595,-1.95034,284,403
Bawtry,53.4312,-1.02073,393,465
Coldingham,55.8894,-2.15479,666,390
Galashiels,55.6175,-2.80774,636,349
Hatfield,53.5746,-1.00523,409,465
Thorne,53.6107,-0.964115,413,468
Turriff,57.5376,-2.46342,849,372
Newent,51.9309,-2.4054,225,372
Bethesda,53.1809,-4.06144,366,262
Catterick Garrison,54.3735,-1.7209,497,418
Shepton Mallet,51.1909,-2.54613,143,361
Saundersfoot,51.7114,-4.69863,204,213
Matlock,53.1397,-1.55698,360,429
Evenwood,54.618,-1.76085,524,415
Cemaes Bay,53.4135,-4.45441,393,236
Ullapool,57.8978,-5.15866,894,212
Hawick,55.4255,-2.78603,614,350
Rhayader,52.2997,-3.51031,267,297
Bromyard,52.1901,-2.50597,254,365
Stanley,56.4812,-3.44664,733,310
Northleach,51.8293,-1.83693,214,411
Great Dunmow,51.872,0.362833,221,562
Chalfont Saint Peter,51.6082,-0.554313,190,500
Cumbernauld,55.9483,-3.97901,674,276
Kilsyth,55.9733,-4.07053,677,270
Barrhead,55.8011,-4.3894,658,250
Mitcheldean,51.864,-2.4877,218,366
Berkhamsted,51.7608,-0.564788,207,499
Lenzie,55.9253,-4.15085,672,265
Stewarton,55.6803,-4.5153,645,241
Wednesfield,52.5998,-2.0813,300,394
Pencoed,51.5248,-3.50326,181,295
Pitlochry,56.704,-3.73316,758,293
Blaenavon,51.7728,-3.08438,208,325
Aboyne,57.0777,-2.78137,798,352
Cullompton,50.8579,-3.39277,107,301
Bishop Auckland,54.6641,-1.67529,529,420
Bridgend,51.505,-3.57567,179,290
Seaford,50.7736,0.102162,99,548
Basingstoke,51.2628,-1.0862,151,463
Kilbirnie,55.7554,-4.68625,654,231
Gourock,55.9584,-4.8184,677,224
Saxmundham,52.2143,1.4918,263,638
Upton-upon-Severn,52.0611,-2.21514,240,385
Bedlington,55.1324,-1.59808,582,425
Didcot,51.6057,-1.24679,189,452
Modbury,50.3511,-3.88869,51,265
Maesteg,51.6023,-3.65262,190,285
Blantyre,55.7921,-4.09071,657,268
Skelton,54.5612,-0.987781,518,465
Corsham,51.4303,-2.18698,170,387
Cowbridge,51.4626,-3.4495,174,299
Blackwood,51.6663,-3.19743,197,317
Brotton,54.569,-0.936497,519,468
Erskine,55.9036,-4.46396,670,245
Clydebank,55.9153,-4.4097,671,249
Windsor,51.4815,-0.613318,176,496
Bowmore,55.757,-6.28762,659,131
Aberavon,51.5975,-3.81147,190,274
Briton Ferry,51.636,-3.82167,194,273
Banchory,57.0514,-2.50446,795,369
Great Torrington,50.9537,-4.14766,119,249
Queensferry,53.2053,-3.02046,368,331
Ross-on-Wye,51.9141,-2.5838,224,359
Slough,51.5115,-0.593947,180,497
Bagillt,53.2641,-3.16763,374,322
Kirriemuir,56.6737,-3.00634,753,338
Wadebridge,50.5154,-4.83663,72,198
Camelford,50.621,-4.68033,83,210
Oldmeldrum,57.335,-2.31999,827,380
Dornoch,57.8805,-4.02944,889,279
Brechin,56.7325,-2.65881,760,359
Lakenheath,52.4176,0.518042,282,571
Debenham,52.2234,1.18114,263,617
Cramlington,55.0902,-1.59321,577,425
Watchet,51.1799,-3.33064,143,307
North Petherton,51.0924,-3.01533,133,328
Newton,51.4847,-3.67916,177,283
Llanbradach,51.6014,-3.23363,189,314
Peacehaven,50.7962,-0.0027387,101,540
Sturminster Newton,50.9274,-2.30492,114,378
Stalbridge,50.9594,-2.37825,117,373
New Tredegar,51.719,-3.23688,203,314
Bargoed,51.6903,-3.23345,199,314
Ystrad Mynach,51.6418,-3.2374,194,314
Wooler,55.546,-2.01443,628,399
Manchester,53.4791,-2.24474,398,383
Arundel,50.8541,-0.55345,107,501
Braemar,57.007,-3.39857,791,315
Kirkintilloch,55.9352,-4.14587,673,265
Wroxham,52.7078,1.40429,317,629
Spilsby,53.1741,0.0955411,366,540
Rolleston on Dove,52.8463,-1.65087,327,423
Saint Athan,51.4004,-3.41311,167,301
Laugharne,51.77,-4.4647,210,229
Llanblethian,51.4555,-3.45934,174,298
Penarth,51.436,-3.1733,171,318
Dinas Powys,51.4335,-3.2135,171,315
North Shields,55.0092,-1.44588,568,435
Alfreton,53.0973,-1.39002,355,440
Johnstone,55.8352,-4.50191,663,243
Chagford,50.6731,-3.84029,87,269
Staveley,53.2683,-1.34952,374,443
Llandybie,51.8202,-4.00657,215,261
Pontarddulais,51.715,-4.04038,203,259
Llangennech,51.6956,-4.08492,201,255
Llwynhendy,51.6778,-4.11376,199,253
Loughor,51.6654,-4.06776,198,257
Callington,50.5026,-4.31336,69,235
Taunton,51.015,-3.10298,124,322
North Tawton,50.7996,-3.89553,101,266
Clevedon,51.4355,-2.85069,171,340
Hexham,54.971,-2.10075,564,393
Hatherleigh,50.8203,-4.07324,104,253
Spennymoor,54.6996,-1.60115,533,425
Tonyrefail,51.5833,-3.43117,188,300
Eccles,53.4841,-2.33752,398,377
Borehamwood,51.6605,-0.270651,197,519
Leavesden,51.6961,-0.411367,200,509
Garston,51.686,-0.396745,199,510
Pyle,51.5289,-3.69378,182,282
Kenfig Hill,51.533,-3.67771,182,283
Williton,51.1609,-3.32103,141,307
Moniaive,55.1991,-3.921,591,277
Wrexham,53.0465,-2.99381,350,333
Washington,54.8986,-1.52883,556,430
Cullen,57.6917,-2.82104,867,351
Newtown St Boswells,55.577,-2.6723,631,357
Bordon,51.1091,-0.859336,135,479
Lanark,55.6754,-3.77856,643,288
Milford Haven,51.7115,-5.029,205,190
High Bentham,54.1224,-2.5142,469,366
Kirkby Lonsdale,54.2015,-2.59457,478,361
Wem,52.8556,-2.72597,328,351
New Ollerton,53.2062,-1.00803,368,466
Llanberis,53.1213,-4.12775,360,257
Crook,54.7138,-1.75225,535,415
Tisbury,51.064,-2.08302,129,394
Lochinver,58.1488,-5.23923,922,209
Birchington,51.3739,1.30709,169,630
Prudhoe,54.9598,-1.85561,562,409
Rotherham,53.431,-1.35546,392,442
Thrapston,52.3974,-0.539853,278,499
Whitchurch,51.2299,-1.33843,148,446
Armadale,55.8992,-3.70068,668,293
Rugby,52.3727,-1.262,275,450
Gorebridge,55.8435,-3.04784,661,334
Mayfield,55.8746,-3.0377,665,335
Newtongrange,55.8715,-3.06319,664,333
Eskbank,55.8892,-3.08027,666,332
Duns,55.7794,-2.3443,654,378
Newbridge,51.6654,-3.14423,196,320
Twyford,51.4788,-0.864809,176,478
Kelso,55.5984,-2.43382,633,372
Earlston,55.6378,-2.67727,638,357
Amersham,51.6767,-0.607692,198,496
Inverbervie,56.8462,-2.28045,772,382
Newton Mearns,55.7784,-4.3076,656,255
Coylton,55.4452,-4.51736,619,240
Risca,51.612,-3.09648,190,324
Forfar,56.6445,-2.89197,750,345
Polmont,55.9899,-3.70646,678,293
Seaburn,54.9305,-1.36685,559,440
Camden,51.5393,-0.143242,183,528
Kinloss,57.6374,-3.56826,861,306
Stromness,58.9614,-3.29938,1008,325
Cumnock,55.4532,-4.26692,620,256
Coldstream,55.65,-2.25298,639,384
Dunblane,56.185,-3.96275,700,278
Coupar Angus,56.5467,-3.2656,740,322
Shildon,54.6351,-1.64801,526,422
Redruth,50.234,-5.22765,42,169
Lairg,58.0191,-4.40084,905,258
Newton Aycliffe,54.6246,-1.57156,525,427
Cricklewood,51.5567,-0.215751,185,523
Old Stratford,52.0633,-0.865369,241,477
Dingwall,57.5958,-4.43098,858,254
Highbridge,51.22,-2.97641,147,331
North Warnborough,51.2577,-0.953902,151,472
Plympton,50.3898,-4.05857,56,253
Welwyn,51.8287,-0.214175,216,523
Sandhurst,51.3435,-0.774,161,485
Mountain Ash,51.6821,-3.37644,199,304
Crewe,53.0996,-2.44146,355,370
Aberdare,51.7134,-3.44555,202,300
Peterhead,57.5069,-1.78308,846,412
Bishopbriggs,55.9044,-4.22636,670,260
Lossiemouth,57.72,-3.29008,870,323
Renfrew,55.8776,-4.38888,667,250
Scone,56.4205,-3.39916,726,313
Westhill,57.1546,-2.28425,807,382
Clipstone,53.1624,-1.12045,363,458
Newbie,54.9739,-3.28155,565,317
Castleford,53.7224,-1.35125,425,442
Methil,56.1896,-3.01837,700,336
Buckhaven,56.1725,-3.03546,698,335
Burntwood,52.6808,-1.92181,309,405
Rutherglen,55.8278,-4.21612,661,261
Vange,51.5618,0.493646,187,572
Fenny Stratford,51.9982,-0.716513,234,488
Houghton Regis,51.9065,-0.517257,224,501
Llanerchymedd,53.3319,-4.37495,384,241
Valley,53.2839,-4.56042,379,229
Mynydd Isa,53.1677,-3.11217,364,325
Ulverston,54.1954,-3.09221,478,328
Church Stretton,52.5383,-2.80712,293,345
Hove,50.8286,-0.175009,104,528
Dagenham,51.5413,0.148114,184,548
Hornchurch,51.5613,0.221228,187,553
Ilford,51.5583,0.0711669,186,543
Holmhead,55.4561,-4.26356,620,256
Maidenhead,51.5238,-0.71899,181,488
Lymington,50.7584,-1.54269,95,432
Chapel-en-le-Frith,53.3229,-1.90967,380,406
Long Eaton,52.8986,-1.27081,333,449
Great Harwood,53.7867,-2.40675,432,373
Allendale,54.8973,-2.25904,555,383
Sherborne,50.9487,-2.51977,116,363
Llandudno Junction,53.2871,-3.8105,378,279
Sittingbourne,51.3397,0.734232,163,590
Cheadle,52.9884,-1.99376,343,400
Stratford-upon-Avon,52.1923,-1.70579,254,420
Snodland,51.3296,0.442632,161,570
Sutton-on-Sea,53.3134,0.280946,382,551
Bloxwich,52.6155,-2.00497,302,399
Penzance,50.1213,-5.53293,30,147
Thornaby,54.5395,-1.29151,516,445
Kingston,51.4096,-0.306262,169,517
Longport,53.0432,-2.21381,349,385
Treorchy,51.6611,-3.50415,196,295
Cardiff,51.4835,-3.18369,176,317
Castle Cary,51.0888,-2.51493,132,363
Featherstone,53.6777,-1.35827,420,442
Grantown on Spey,57.3307,-3.60815,827,303
Halfway,55.8128,-4.14089,659,265
Fortis Green,51.591,-0.153421,189,527
Coleshill,52.4979,-1.70659,288,419
Chapel St Leonards,53.2288,0.332054,372,555
Street,51.1239,-2.74102,136,348
Abernethy,56.3333,-3.31141,716,318
Desborough,52.4414,-0.812513,283,480
Clacton-on-Sea,51.7884,1.15279,214,617
Holland-on-Sea,51.8058,1.1888,216,619
Pontycymer,51.6089,-3.57975,191,290
Bristol,51.4557,-2.59527,173,358
Troon,55.5431,-4.65919,630,232
Blackwater,51.3306,-0.77884,159,485
Wythenshawe,53.3796,-2.26389,387,382
Newall Green,53.3858,-2.28308,387,381
Oiseva,57.8121,-8.5633,899,10
Read,53.809,-2.3562,434,376
Droylsden,53.4786,-2.1492,398,390
Audenshaw,53.4705,-2.12405,397,391
Walton-on-the-Naze,51.8483,1.27287,221,625
Frinton-on-Sea,51.8293,1.24623,219,623
Finedon,52.3394,-0.653118,272,491
Barnet,51.6531,-0.200541,196,524
Broseley,52.6137,-2.481,301,367
Rothes,57.5284,-3.20788,849,327
Holt,52.9048,1.09387,338,608
Campbeltown,55.4257,-5.6142,620,171
Lyme Regis,50.7253,-2.93456,92,334
East Barnet,51.6417,-0.162823,195,527
New Barnet,51.6496,-0.171006,196,526
Brunswick Park,51.6262,-0.14819,193,528
New Southgate,51.6168,-0.141195,192,528
Arnos Grove,51.6198,-0.129715,192,529
Oakleigh Park,51.6375,-0.168656,194,526
Briggswath,54.4648,-0.658116,508,486
Brynamman,51.8122,-3.86772,214,271
Southend-on-Sea,51.5389,0.711497,185,588
Thorney,52.6222,-0.106818,304,528
Portlethen,57.0607,-2.12966,796,392
Treharris,51.6664,-3.30727,197,309
Totton and Eling,50.9177,-1.49637,113,435
Craven Arms,52.4399,-2.8351,282,343
Brighton,50.8222,-0.137753,104,531
Madley,52.0446,-2.8494,238,341
Newtonhill,57.0321,-2.15034,793,390
Minehead,51.2057,-3.47835,146,296
Catrine,55.5015,-4.32038,625,253
Manningtree,51.9441,1.06027,231,610
Abernethy,56.3324,-3.31937,716,318
Millom,54.2082,-3.27197,479,317
Haverfordwest,51.8023,-4.96511,215,195
Kirkwall,58.9818,-2.95873,1010,344
Halkirk,58.5117,-3.49025,959,313
Pwllheli,52.8884,-4.41796,335,237
Chipping Norton,51.9418,-1.54553,227,431
Uppingham,52.5887,-0.723425,299,486
Stockton-on-Tees,54.5641,-1.31292,518,444
Tewkesbury,51.9938,-2.15496,232,389
Chesterfield,53.2352,-1.42641,371,438
Sandy,52.1296,-0.293166,249,516
Kilburn,51.5412,-0.197324,184,524
Coggeshall,51.8758,0.686085,223,584
Salisbury,51.0737,-1.79512,130,414
Epsom,51.3326,-0.267821,160,520
Cobham,51.33,-0.412082,160,510
Whittlesey,52.555,-0.122643,296,527
Wisbech,52.6656,0.159273,309,546
Moreton-in-Marsh,51.9906,-1.7023,232,420
Ely,52.3998,0.263095,280,553
Weymouth,50.6191,-2.45625,80,367
Bodiniel,50.4788,-4.73794,67,205
Weybridge,51.3719,-0.46147,164,507
Hartley Wintney,51.3062,-0.899714,156,476
Brentwood,51.6204,0.302866,193,559
Lostwithiel,50.4075,-4.66782,59,210
Winchester,51.0617,-1.31355,129,448
Rawmarsh,53.4599,-1.33767,396,443
Southam,52.2531,-1.38841,261,441
Chulmleigh,50.9144,-3.87065,114,268
Epping,51.6979,0.109415,202,545
Axminster,50.7821,-2.99799,98,329
Tavistock,50.5485,-4.1444,74,248
Eton,51.488,-0.611151,177,496
March,52.5561,0.0730423,297,540
Bracknell,51.4166,-0.749234,169,486
Fulham,51.4809,-0.197352,177,525
Chandler&#39;s Ford,50.9828,-1.38331,120,443
Lutterworth,52.4552,-1.19978,284,454
Brampton,54.9423,-2.73596,561,352
Arbroath,56.5579,-2.58621,740,363
Penmaenmawr,53.2681,-3.92003,376,271
Doncaster,53.5228,-1.13353,403,457
Swadlincote,52.7737,-1.5599,319,429
Polegate,50.8232,0.245475,105,558
Spital,53.3401,-2.99515,383,333
New Brighton,53.4386,-3.04358,394,330
Much Wenlock,52.5957,-2.5582,299,362
Kingswood,51.4627,-2.50839,173,364
Hampstead,51.5543,-0.174075,185,526
Bishop&#39;s Waltham,50.9543,-1.21801,117,454
Meltham,53.5919,-1.85045,410,409
Middlewich,53.1928,-2.4458,366,370
Aldershot,51.2519,-0.756526,151,486
Guildford,51.2353,-0.565362,149,500
Beaconsfield,51.6083,-0.657123,190,492
New Alresford,51.0854,-1.15854,132,458
Fareham,50.854,-1.17925,106,457
Reigate,51.2374,-0.205949,150,525
Addlestone,51.3657,-0.485881,164,505
Chertsey,51.3884,-0.504125,166,504
Shepperton,51.3929,-0.455577,167,507
Sunbury,51.4077,-0.411859,168,510
Ledbury,52.0357,-2.42878,237,370
Scalloway,60.1371,-1.27527,1139,440
Walton-on-Thames,51.3857,-0.419814,166,509
Glen Etive,56.618,-4.97015,751,217
Childs Hill,51.563,-0.197249,186,524
Brent Cross,51.5768,-0.21838,187,523
Burnt Oak,51.6014,-0.265935,190,520
West Hendon,51.5782,-0.240379,188,521
Colindale,51.5915,-0.256773,189,520
Colney Hatch,51.6025,-0.148013,190,528
Woodside Park,51.6208,-0.187084,192,525
West Finchley,51.6088,-0.194637,191,525
Enfield Highway,51.6571,-0.0473651,197,535
Brimsdown,51.6578,-0.033026,197,536
Carterhatch,51.661,-0.0619306,197,534
Enfield Island Village,51.6693,-0.0152805,198,537
Felixstowe,51.9639,1.35151,234,630
